Workbook

Sheet Dashboard
A1: THE CONSISTENCY DASHBOARD
A2: 2026 · Your year of building unbreakable habits
A4: =IFERROR(AVERAGE('January'!I14,'February'!I14,'March'!I14,'April'!I14,'May'!I14,'June'!I14,'July'!I14,'August'!I14,'September'!I14,'October'!I14,'November'!I14,'December'!I14),"") | D4: — | G4: 6 | J4: =ROUND((TODAY()-DATE(2026,1,1))/365,2)
A5: Overall Consistency | D5: Best Month | G5: Habits Tracked | J5: Year Progress
A7: MONTHLY BREAKDOWN
A8: Habit | B8: Target | C8: Jan | D8: Feb | E8: Mar | F8: Apr | G8: May | H8: Jun | I8: Jul | J8: Aug | K8: Sep | L8: Oct | M8: Nov | N8: Dec | O8: Year Avg
A9: Gym | B9: 5/wk | C9: =IFERROR('January'!C14,"") | D9: =IFERROR('February'!C14,"") | E9: =IFERROR('March'!C14,"") | F9: =IFERROR('April'!C14,"") | G9: =IFERROR('May'!C14,"") | H9: =IFERROR('June'!C14,"") | I9: =IFERROR('July'!C14,"") | J9: =IFERROR('August'!C14,"") | K9: =IFERROR('September'!C14,"") | L9: =IFERROR('October'!C14,"") | M9: =IFERROR('November'!C14,"") | N9: =IFERROR('December'!C14,"") | O9: =IFERROR(AVERAGE(C9:N9),"")
A10: Speaking | B10: 5/wk | C10: =IFERROR('January'!D14,"") | D10: =IFERROR('February'!D14,"") | E10: =IFERROR('March'!D14,"") | F10: =IFERROR('April'!D14,"") | G10: =IFERROR('May'!D14,"") | H10: =IFERROR('June'!D14,"") | I10: =IFERROR('July'!D14,"") | J10: =IFERROR('August'!D14,"") | K10: =IFERROR('September'!D14,"") | L10: =IFERROR('October'!D14,"") | M10: =IFERROR('November'!D14,"") | N10: =IFERROR('December'!D14,"") | O10: =IFERROR(AVERAGE(C10:N10),"")
A11: Wake Early | B11: 7/wk | C11: =IFERROR('January'!E14,"") | D11: =IFERROR('February'!E14,"") | E11: =IFERROR('March'!E14,"") | F11: =IFERROR('April'!E14,"") | G11: =IFERROR('May'!E14,"") | H11: =IFERROR('June'!E14,"") | I11: =IFERROR('July'!E14,"") | J11: =IFERROR('August'!E14,"") | K11: =IFERROR('September'!E14,"") | L11: =IFERROR('October'!E14,"") | M11: =IFERROR('November'!E14,"") | N11: =IFERROR('December'!E14,"") | O11: =IFERROR(AVERAGE(C11:N11),"")
A12: Eat Clean | B12: 7/wk | C12: =IFERROR('January'!F14,"") | D12: =IFERROR('February'!F14,"") | E12: =IFERROR('March'!F14,"") | F12: =IFERROR('April'!F14,"") | G12: =IFERROR('May'!F14,"") | H12: =IFERROR('June'!F14,"") | I12: =IFERROR('July'!F14,"") | J12: =IFERROR('August'!F14,"") | K12: =IFERROR('September'!F14,"") | L12: =IFERROR('October'!F14,"") | M12: =IFERROR('November'!F14,"") | N12: =IFERROR('December'!F14,"") | O12: =IFERROR(AVERAGE(C12:N12),"")
A13: Calories | B13: 7/wk | C13: =IFERROR('January'!G14,"") | D13: =IFERROR('February'!G14,"") | E13: =IFERROR('March'!G14,"") | F13: =IFERROR('April'!G14,"") | G13: =IFERROR('May'!G14,"") | H13: =IFERROR('June'!G14,"") | I13: =IFERROR('July'!G14,"") | J13: =IFERROR('August'!G14,"") | K13: =IFERROR('September'!G14,"") | L13: =IFERROR('October'!G14,"") | M13: =IFERROR('November'!G14,"") | N13: =IFERROR('December'!G14,"") | O13: =IFERROR(AVERAGE(C13:N13),"")
A14: Coding | B14: 5/wk | C14: =IFERROR('January'!H14,"") | D14: =IFERROR('February'!H14,"") | E14: =IFERROR('March'!H14,"") | F14: =IFERROR('April'!H14,"") | G14: =IFERROR('May'!H14,"") | H14: =IFERROR('June'!H14,"") | I14: =IFERROR('July'!H14,"") | J14: =IFERROR('August'!H14,"") | K14: =IFERROR('September'!H14,"") | L14: =IFERROR('October'!H14,"") | M14: =IFERROR('November'!H14,"") | N14: =IFERROR('December'!H14,"") | O14: =IFERROR(AVERAGE(C14:N14),"")
A15: OVERALL | C15: =IFERROR(AVERAGE(C9:C14),"") | D15: =IFERROR(AVERAGE(D9:D14),"") | E15: =IFERROR(AVERAGE(E9:E14),"") | F15: =IFERROR(AVERAGE(F9:F14),"") | G15: =IFERROR(AVERAGE(G9:G14),"") | H15: =IFERROR(AVERAGE(H9:H14),"") | I15: =IFERROR(AVERAGE(I9:I14),"") | J15: =IFERROR(AVERAGE(J9:J14),"") | ... N15: =IFERROR(AVERAGE(N9:N14),"") | O15: =IFERROR(AVERAGE(C15:N15),"")
A52: HOW TO USE THIS DASHBOARD
A54: 1. Go to the current month's tab (e.g., March)
A55: 2. Scroll down to the DAILY LOG section
A56: 3. Enter 1 in a habit column when you complete it for the day
A57: 4. Weekly and monthly percentages auto-update!
A59: TARGETS EXPLAINED
A60: · Gym, Speaking, Coding → 5 days per week (hit 5 = 100%)
A61: · Wake Early, Eat Clean, Calories → daily (7/7 = 100%)
A63: TIP: In Google Sheets on iPhone, you can select the habit
A64: input cells and use Insert > Checkbox for tap-to-toggle input.
A66: COLOR CODING
A67: · Green = 80%+ (crushing it)
... A69: · Red = below 50% (needs attention)

Sheet January
A1: JANUARY 2026
A2: CONSISTENCY TRACKER
A3: Targets → | C3: 5/wk | D3: 5/wk | E3: 7/wk | F3: 7/wk | G3: 7/wk | H3: 5/wk
A5: WEEKLY BREAKDOWN
A6: Week | B6: Days | C6: Gym | D6: Speaking | E6: Wake Early | F6: Eat Clean | G6: Calories | H6: Coding | I6: Avg
A7: Week 1 | B7: 7 | C7: =MIN(COUNTIF(C18:C24,1)/5,1) | D7: =MIN(COUNTIF(D18:D24,1)/5,1) | E7: =MIN(COUNTIF(E18:E24,1)/7,1) | F7: =MIN(COUNTIF(F18:F24,1)/7,1) | G7: =MIN(COUNTIF(G18:G24,1)/7,1) | H7: =MIN(COUNTIF(H18:H24,1)/5,1) | I7: =AVERAGE(C7,D7,E7,F7,G7,H7)
A8: Week 2 | B8: 7 | C8: =MIN(COUNTIF(C25:C31,1)/5,1) | D8: =MIN(COUNTIF(D25:D31,1)/5,1) | E8: =MIN(COUNTIF(E25:E31,1)/7,1) | F8: =MIN(COUNTIF(F25:F31,1)/7,1) | G8: =MIN(COUNTIF(G25:G31,1)/7,1) | H8: =MIN(COUNTIF(H25:H31,1)/5,1) | I8: =AVERAGE(C8,D8,E8,F8,G8,H8)
A9: Week 3 | B9: 7 | C9: =MIN(COUNTIF(C32:C38,1)/5,1) | D9: =MIN(COUNTIF(D32:D38,1)/5,1) | E9: =MIN(COUNTIF(E32:E38,1)/7,1) | F9: =MIN(COUNTIF(F32:F38,1)/7,1) | G9: =MIN(COUNTIF(G32:G38,1)/7,1) | H9: =MIN(COUNTIF(H32:H38,1)/5,1) | I9: =AVERAGE(C9,D9,E9,F9,G9,H9)
A10: Week 4 | B10: 7 | C10: =MIN(COUNTIF(C39:C45,1)/5,1) | D10: =MIN(COUNTIF(D39:D45,1)/5,1) | E10: =MIN(COUNTIF(E39:E45,1)/7,1) | F10: =MIN(COUNTIF(F39:F45,1)/7,1) | G10: =MIN(COUNTIF(G39:G45,1)/7,1) | H10: =MIN(COUNTIF(H39:H45,1)/5,1) | I10: =AVERAGE(C10,D10,E10,F10,G10,H10)
A11: Week 5 | B11: 3 | C11: =MIN(COUNTIF(C46:C48,1)/2,1) | D11: =MIN(COUNTIF(D46:D48,1)/2,1) | E11: =MIN(COUNTIF(E46:E48,1)/3,1) | F11: =MIN(COUNTIF(F46:F48,1)/3,1) | G11: =MIN(COUNTIF(G46:G48,1)/3,1) | H11: =MIN(COUNTIF(H46:H48,1)/2,1) | I11: =AVERAGE(C11,D11,E11,F11,G11,H11)
A13: MONTHLY CONSISTENCY
A14: Average | C14: =AVERAGE(C7:C11) | D14: =AVERAGE(D7:D11) | E14: =AVERAGE(E7:E11) | F14: =AVERAGE(F7:F11) | G14: =AVERAGE(G7:G11) | H14: =AVERAGE(H7:H11) | I14: =AVERAGE(C14,D14,E14,F14,G14,H14)
A16: DAILY LOG · Enter 1 when done
A17: Date | B17: Day | C17: Gym | D17: Speaking | E17: Wake Early | F17: Eat Clean | G17: Calories | H17: Coding | I17: Score
A18: Jan 01 | B18: Thu | I18: =IF(COUNTIF(C18:H18,">=1")>0,COUNTIF(C18:H18,">=1")/6,"")
A19: Jan 02 | B19: Fri | I19: =IF(COUNTIF(C19:H19,">=1")>0,COUNTIF(C19:H19,">=1")/6,"")
A20: Jan 03 | B20: Sat | I20: =IF(COUNTIF(C20:H20,">=1")>0,COUNTIF(C20:H20,">=1")/6,"")
A21: Jan 04 | B21: Sun | I21: =IF(COUNTIF(C21:H21,">=1")>0,COUNTIF(C21:H21,">=1")/6,"")
A22: Jan 05 | B22: Mon | I22: =IF(COUNTIF(C22:H22,">=1")>0,COUNTIF(C22:H22,">=1")/6,"")
A23: Jan 06 | B23: Tue | I23: =IF(COUNTIF(C23:H23,">=1")>0,COUNTIF(C23:H23,">=1")/6,"")
A24: Jan 07 | B24: Wed | I24: =IF(COUNTIF(C24:H24,">=1")>0,COUNTIF(C24:H24,">=1")/6,"")
A25: Jan 08 | B25: Thu | I25: =IF(COUNTIF(C25:H25,">=1")>0,COUNTIF(C25:H25,">=1")/6,"")
A26: Jan 09 | B26: Fri | I26: =IF(COUNTIF(C26:H26,">=1")>0,COUNTIF(C26:H26,">=1")/6,"")
A27: Jan 10 | B27: Sat | I27: =IF(COUNTIF(C27:H27,">=1")>0,COUNTIF(C27:H27,">=1")/6,"")
A28: Jan 11 | B28: Sun | I28: =IF(COUNTIF(C28:H28,">=1")>0,COUNTIF(C28:H28,">=1")/6,"")
A29: Jan 12 | B29: Mon | I29: =IF(COUNTIF(C29:H29,">=1")>0,COUNTIF(C29:H29,">=1")/6,"")
... A48: Jan 31 | B48: Sat | I48: =IF(COUNTIF(C48:H48,">=1")>0,COUNTIF(C48:H48,">=1")/6,"")

Sheet February
A1: FEBRUARY 2026
A2: CONSISTENCY TRACKER
A3: Targets → | C3: 5/wk | D3: 5/wk | E3: 7/wk | F3: 7/wk | G3: 7/wk | H3: 5/wk
A5: WEEKLY BREAKDOWN
A6: Week | B6: Days | C6: Gym | D6: Speaking | E6: Wake Early | F6: Eat Clean | G6: Calories | H6: Coding | I6: Avg
A7: Week 1 | B7: 7 | C7: =MIN(COUNTIF(C18:C24,1)/5,1) | D7: =MIN(COUNTIF(D18:D24,1)/5,1) | E7: =MIN(COUNTIF(E18:E24,1)/7,1) | F7: =MIN(COUNTIF(F18:F24,1)/7,1) | G7: =MIN(COUNTIF(G18:G24,1)/7,1) | H7: =MIN(COUNTIF(H18:H24,1)/5,1) | I7: =AVERAGE(C7,D7,E7,F7,G7,H7)
A8: Week 2 | B8: 7 | C8: =MIN(COUNTIF(C25:C31,1)/5,1) | D8: =MIN(COUNTIF(D25:D31,1)/5,1) | E8: =MIN(COUNTIF(E25:E31,1)/7,1) | F8: =MIN(COUNTIF(F25:F31,1)/7,1) | G8: =MIN(COUNTIF(G25:G31,1)/7,1) | H8: =MIN(COUNTIF(H25:H31,1)/5,1) | I8: =AVERAGE(C8,D8,E8,F8,G8,H8)
A9: Week 3 | B9: 7 | C9: =MIN(COUNTIF(C32:C38,1)/5,1) | D9: =MIN(COUNTIF(D32:D38,1)/5,1) | E9: =MIN(COUNTIF(E32:E38,1)/7,1) | F9: =MIN(COUNTIF(F32:F38,1)/7,1) | G9: =MIN(COUNTIF(G32:G38,1)/7,1) | H9: =MIN(COUNTIF(H32:H38,1)/5,1) | I9: =AVERAGE(C9,D9,E9,F9,G9,H9)
A10: Week 4 | B10: 7 | C10: =MIN(COUNTIF(C39:C45,1)/5,1) | D10: =MIN(COUNTIF(D39:D45,1)/5,1) | E10: =MIN(COUNTIF(E39:E45,1)/7,1) | F10: =MIN(COUNTIF(F39:F45,1)/7,1) | G10: =MIN(COUNTIF(G39:G45,1)/7,1) | H10: =MIN(COUNTIF(H39:H45,1)/5,1) | I10: =AVERAGE(C10,D10,E10,F10,G10,H10)
A13: MONTHLY CONSISTENCY
A14: Average | C14: =AVERAGE(C7:C10) | D14: =AVERAGE(D7:D10) | E14: =AVERAGE(E7:E10) | F14: =AVERAGE(F7:F10) | G14: =AVERAGE(G7:G10) | H14: =AVERAGE(H7:H10) | I14: =AVERAGE(C14,D14,E14,F14,G14,H14)
A16: DAILY LOG · Enter 1 when done
A17: Date | B17: Day | C17: Gym | D17: Speaking | E17: Wake Early | F17: Eat Clean | G17: Calories | H17: Coding | I17: Score
A18: Feb 01 | B18: Sun | I18: =IF(COUNTIF(C18:H18,">=1")>0,COUNTIF(C18:H18,">=1")/6,"")
A19: Feb 02 | B19: Mon | I19: =IF(COUNTIF(C19:H19,">=1")>0,COUNTIF(C19:H19,">=1")/6,"")
A20: Feb 03 | B20: Tue | I20: =IF(COUNTIF(C20:H20,">=1")>0,COUNTIF(C20:H20,">=1")/6,"")
A21: Feb 04 | B21: Wed | I21: =IF(COUNTIF(C21:H21,">=1")>0,COUNTIF(C21:H21,">=1")/6,"")
A22: Feb 05 | B22: Thu | I22: =IF(COUNTIF(C22:H22,">=1")>0,COUNTIF(C22:H22,">=1")/6,"")
A23: Feb 06 | B23: Fri | I23: =IF(COUNTIF(C23:H23,">=1")>0,COUNTIF(C23:H23,">=1")/6,"")
A24: Feb 07 | B24: Sat | I24: =IF(COUNTIF(C24:H24,">=1")>0,COUNTIF(C24:H24,">=1")/6,"")
A25: Feb 08 | B25: Sun | I25: =IF(COUNTIF(C25:H25,">=1")>0,COUNTIF(C25:H25,">=1")/6,"")
A26: Feb 09 | B26: Mon | I26: =IF(COUNTIF(C26:H26,">=1")>0,COUNTIF(C26:H26,">=1")/6,"")
A27: Feb 10 | B27: Tue | I27: =IF(COUNTIF(C27:H27,">=1")>0,COUNTIF(C27:H27,">=1")/6,"")
A28: Feb 11 | B28: Wed | I28: =IF(COUNTIF(C28:H28,">=1")>0,COUNTIF(C28:H28,">=1")/6,"")
A29: Feb 12 | B29: Thu | I29: =IF(COUNTIF(C29:H29,">=1")>0,COUNTIF(C29:H29,">=1")/6,"")
... A45: Feb 28 | B45: Sat | I45: =IF(COUNTIF(C45:H45,">=1")>0,COUNTIF(C45:H45,">=1")/6,"")

Sheet March
A1: MARCH 2026
A2: CONSISTENCY TRACKER
A3: Targets → | C3: 5/wk | D3: 5/wk | E3: 7/wk | F3: 7/wk | G3: 7/wk | H3: 5/wk
A5: WEEKLY BREAKDOWN
A6: Week | B6: Days | C6: Gym | D6: Speaking | E6: Wake Early | F6: Eat Clean | G6: Calories | H6: Coding | I6: Avg
A7: Week 1 | B7: 7 | C7: =MIN(COUNTIF(C18:C24,1)/5,1) | D7: =MIN(COUNTIF(D18:D24,1)/5,1) | E7: =MIN(COUNTIF(E18:E24,1)/7,1) | F7: =MIN(COUNTIF(F18:F24,1)/7,1) | G7: =MIN(COUNTIF(G18:G24,1)/7,1) | H7: =MIN(COUNTIF(H18:H24,1)/5,1) | I7: =AVERAGE(C7,D7,E7,F7,G7,H7)
A8: Week 2 | B8: 7 | C8: =MIN(COUNTIF(C25:C31,1)/5,1) | D8: =MIN(COUNTIF(D25:D31,1)/5,1) | E8: =MIN(COUNTIF(E25:E31,1)/7,1) | F8: =MIN(COUNTIF(F25:F31,1)/7,1) | G8: =MIN(COUNTIF(G25:G31,1)/7,1) | H8: =MIN(COUNTIF(H25:H31,1)/5,1) | I8: =AVERAGE(C8,D8,E8,F8,G8,H8)
A9: Week 3 | B9: 7 | C9: =MIN(COUNTIF(C32:C38,1)/5,1) | D9: =MIN(COUNTIF(D32:D38,1)/5,1) | E9: =MIN(COUNTIF(E32:E38,1)/7,1) | F9: =MIN(COUNTIF(F32:F38,1)/7,1) | G9: =MIN(COUNTIF(G32:G38,1)/7,1) | H9: =MIN(COUNTIF(H32:H38,1)/5,1) | I9: =AVERAGE(C9,D9,E9,F9,G9,H9)
A10: Week 4 | B10: 7 | C10: =MIN(COUNTIF(C39:C45,1)/5,1) | D10: =MIN(COUNTIF(D39:D45,1)/5,1) | E10: =MIN(COUNTIF(E39:E45,1)/7,1) | F10: =MIN(COUNTIF(F39:F45,1)/7,1) | G10: =MIN(COUNTIF(G39:G45,1)/7,1) | H10: =MIN(COUNTIF(H39:H45,1)/5,1) | I10: =AVERAGE(C10,D10,E10,F10,G10,H10)
A11: Week 5 | B11: 3 | C11: =MIN(COUNTIF(C46:C48,1)/2,1) | D11: =MIN(COUNTIF(D46:D48,1)/2,1) | E11: =MIN(COUNTIF(E46:E48,1)/3,1) | F11: =MIN(COUNTIF(F46:F48,1)/3,1) | G11: =MIN(COUNTIF(G46:G48,1)/3,1) | H11: =MIN(COUNTIF(H46:H48,1)/2,1) | I11: =AVERAGE(C11,D11,E11,F11,G11,H11)
A13: MONTHLY CONSISTENCY
A14: Average | C14: =AVERAGE(C7:C11) | D14: =AVERAGE(D7:D11) | E14: =AVERAGE(E7:E11) | F14: =AVERAGE(F7:F11) | G14: =AVERAGE(G7:G11) | H14: =AVERAGE(H7:H11) | I14: =AVERAGE(C14,D14,E14,F14,G14,H14)
A16: DAILY LOG · Enter 1 when done
A17: Date | B17: Day | C17: Gym | D17: Speaking | E17: Wake Early | F17: Eat Clean | G17: Calories | H17: Coding | I17: Score
A18: Mar 01 | B18: Sun | I18: =IF(COUNTIF(C18:H18,">=1")>0,COUNTIF(C18:H18,">=1")/6,"")
A19: Mar 02 | B19: Mon | I19: =IF(COUNTIF(C19:H19,">=1")>0,COUNTIF(C19:H19,">=1")/6,"")
A20: Mar 03 | B20: Tue | I20: =IF(COUNTIF(C20:H20,">=1")>0,COUNTIF(C20:H20,">=1")/6,"")
A21: Mar 04 | B21: Wed | I21: =IF(COUNTIF(C21:H21,">=1")>0,COUNTIF(C21:H21,">=1")/6,"")
A22: Mar 05 | B22: Thu | I22: =IF(COUNTIF(C22:H22,">=1")>0,COUNTIF(C22:H22,">=1")/6,"")
A23: Mar 06 | B23: Fri | I23: =IF(COUNTIF(C23:H23,">=1")>0,COUNTIF(C23:H23,">=1")/6,"")
A24: Mar 07 | B24: Sat | I24: =IF(COUNTIF(C24:H24,">=1")>0,COUNTIF(C24:H24,">=1")/6,"")
A25: Mar 08 | B25: Sun | I25: =IF(COUNTIF(C25:H25,">=1")>0,COUNTIF(C25:H25,">=1")/6,"")
A26: Mar 09 | B26: Mon | I26: =IF(COUNTIF(C26:H26,">=1")>0,COUNTIF(C26:H26,">=1")/6,"")
A27: Mar 10 | B27: Tue | I27: =IF(COUNTIF(C27:H27,">=1")>0,COUNTIF(C27:H27,">=1")/6,"")
A28: Mar 11 | B28: Wed | I28: =IF(COUNTIF(C28:H28,">=1")>0,COUNTIF(C28:H28,">=1")/6,"")
A29: Mar 12 | B29: Thu | I29: =IF(COUNTIF(C29:H29,">=1")>0,COUNTIF(C29:H29,">=1")/6,"")
... A48: Mar 31 | B48: Tue | I48: =IF(COUNTIF(C48:H48,">=1")>0,COUNTIF(C48:H48,">=1")/6,"")

Sheet April
A1: APRIL 2026
A2: CONSISTENCY TRACKER
A3: Targets → | C3: 5/wk | D3: 5/wk | E3: 7/wk | F3: 7/wk | G3: 7/wk | H3: 5/wk
A5: WEEKLY BREAKDOWN
A6: Week | B6: Days | C6: Gym | D6: Speaking | E6: Wake Early | F6: Eat Clean | G6: Calories | H6: Coding | I6: Avg
A7: Week 1 | B7: 7 | C7: =MIN(COUNTIF(C18:C24,1)/5,1) | D7: =MIN(COUNTIF(D18:D24,1)/5,1) | E7: =MIN(COUNTIF(E18:E24,1)/7,1) | F7: =MIN(COUNTIF(F18:F24,1)/7,1) | G7: =MIN(COUNTIF(G18:G24,1)/7,1) | H7: =MIN(COUNTIF(H18:H24,1)/5,1) | I7: =AVERAGE(C7,D7,E7,F7,G7,H7)
A8: Week 2 | B8: 7 | C8: =MIN(COUNTIF(C25:C31,1)/5,1) | D8: =MIN(COUNTIF(D25:D31,1)/5,1) | E8: =MIN(COUNTIF(E25:E31,1)/7,1) | F8: =MIN(COUNTIF(F25:F31,1)/7,1) | G8: =MIN(COUNTIF(G25:G31,1)/7,1) | H8: =MIN(COUNTIF(H25:H31,1)/5,1) | I8: =AVERAGE(C8,D8,E8,F8,G8,H8)
A9: Week 3 | B9: 7 | C9: =MIN(COUNTIF(C32:C38,1)/5,1) | D9: =MIN(COUNTIF(D32:D38,1)/5,1) | E9: =MIN(COUNTIF(E32:E38,1)/7,1) | F9: =MIN(COUNTIF(F32:F38,1)/7,1) | G9: =MIN(COUNTIF(G32:G38,1)/7,1) | H9: =MIN(COUNTIF(H32:H38,1)/5,1) | I9: =AVERAGE(C9,D9,E9,F9,G9,H9)
A10: Week 4 | B10: 7 | C10: =MIN(COUNTIF(C39:C45,1)/5,1) | D10: =MIN(COUNTIF(D39:D45,1)/5,1) | E10: =MIN(COUNTIF(E39:E45,1)/7,1) | F10: =MIN(COUNTIF(F39:F45,1)/7,1) | G10: =MIN(COUNTIF(G39:G45,1)/7,1) | H10: =MIN(COUNTIF(H39:H45,1)/5,1) | I10: =AVERAGE(C10,D10,E10,F10,G10,H10)
A11: Week 5 | B11: 2 | C11: =MIN(COUNTIF(C46:C47,1)/1,1) | D11: =MIN(COUNTIF(D46:D47,1)/1,1) | E11: =MIN(COUNTIF(E46:E47,1)/2,1) | F11: =MIN(COUNTIF(F46:F47,1)/2,1) | G11: =MIN(COUNTIF(G46:G47,1)/2,1) | H11: =MIN(COUNTIF(H46:H47,1)/1,1) | I11: =AVERAGE(C11,D11,E11,F11,G11,H11)
A13: MONTHLY CONSISTENCY
A14: Average | C14: =AVERAGE(C7:C11) | D14: =AVERAGE(D7:D11) | E14: =AVERAGE(E7:E11) | F14: =AVERAGE(F7:F11) | G14: =AVERAGE(G7:G11) | H14: =AVERAGE(H7:H11) | I14: =AVERAGE(C14,D14,E14,F14,G14,H14)
A16: DAILY LOG · Enter 1 when done
A17: Date | B17: Day | C17: Gym | D17: Speaking | E17: Wake Early | F17: Eat Clean | G17: Calories | H17: Coding | I17: Score
A18: Apr 01 | B18: Wed | I18: =IF(COUNTIF(C18:H18,">=1")>0,COUNTIF(C18:H18,">=1")/6,"")
A19: Apr 02 | B19: Thu | I19: =IF(COUNTIF(C19:H19,">=1")>0,COUNTIF(C19:H19,">=1")/6,"")
A20: Apr 03 | B20: Fri | I20: =IF(COUNTIF(C20:H20,">=1")>0,COUNTIF(C20:H20,">=1")/6,"")
A21: Apr 04 | B21: Sat | I21: =IF(COUNTIF(C21:H21,">=1")>0,COUNTIF(C21:H21,">=1")/6,"")
A22: Apr 05 | B22: Sun | I22: =IF(COUNTIF(C22:H22,">=1")>0,COUNTIF(C22:H22,">=1")/6,"")
A23: Apr 06 | B23: Mon | I23: =IF(COUNTIF(C23:H23,">=1")>0,COUNTIF(C23:H23,">=1")/6,"")
A24: Apr 07 | B24: Tue | I24: =IF(COUNTIF(C24:H24,">=1")>0,COUNTIF(C24:H24,">=1")/6,"")
A25: Apr 08 | B25: Wed | I25: =IF(COUNTIF(C25:H25,">=1")>0,COUNTIF(C25:H25,">=1")/6,"")
A26: Apr 09 | B26: Thu | I26: =IF(COUNTIF(C26:H26,">=1")>0,COUNTIF(C26:H26,">=1")/6,"")
A27: Apr 10 | B27: Fri | I27: =IF(COUNTIF(C27:H27,">=1")>0,COUNTIF(C27:H27,">=1")/6,"")
A28: Apr 11 | B28: Sat | I28: =IF(COUNTIF(C28:H28,">=1")>0,COUNTIF(C28:H28,">=1")/6,"")
A29: Apr 12 | B29: Sun | I29: =IF(COUNTIF(C29:H29,">=1")>0,COUNTIF(C29:H29,">=1")/6,"")
... A47: Apr 30 | B47: Thu | I47: =IF(COUNTIF(C47:H47,">=1")>0,COUNTIF(C47:H47,">=1")/6,"")

Sheet May
A1: MAY 2026
A2: CONSISTENCY TRACKER
A3: Targets → | C3: 5/wk | D3: 5/wk | E3: 7/wk | F3: 7/wk | G3: 7/wk | H3: 5/wk
A5: WEEKLY BREAKDOWN
A6: Week | B6: Days | C6: Gym | D6: Speaking | E6: Wake Early | F6: Eat Clean | G6: Calories | H6: Coding | I6: Avg
A7: Week 1 | B7: 7 | C7: =MIN(COUNTIF(C18:C24,1)/5,1) | D7: =MIN(COUNTIF(D18:D24,1)/5,1) | E7: =MIN(COUNTIF(E18:E24,1)/7,1) | F7: =MIN(COUNTIF(F18:F24,1)/7,1) | G7: =MIN(COUNTIF(G18:G24,1)/7,1) | H7: =MIN(COUNTIF(H18:H24,1)/5,1) | I7: =AVERAGE(C7,D7,E7,F7,G7,H7)
A8: Week 2 | B8: 7 | C8: =MIN(COUNTIF(C25:C31,1)/5,1) | D8: =MIN(COUNTIF(D25:D31,1)/5,1) | E8: =MIN(COUNTIF(E25:E31,1)/7,1) | F8: =MIN(COUNTIF(F25:F31,1)/7,1) | G8: =MIN(COUNTIF(G25:G31,1)/7,1) | H8: =MIN(COUNTIF(H25:H31,1)/5,1) | I8: =AVERAGE(C8,D8,E8,F8,G8,H8)
A9: Week 3 | B9: 7 | C9: =MIN(COUNTIF(C32:C38,1)/5,1) | D9: =MIN(COUNTIF(D32:D38,1)/5,1) | E9: =MIN(COUNTIF(E32:E38,1)/7,1) | F9: =MIN(COUNTIF(F32:F38,1)/7,1) | G9: =MIN(COUNTIF(G32:G38,1)/7,1) | H9: =MIN(COUNTIF(H32:H38,1)/5,1) | I9: =AVERAGE(C9,D9,E9,F9,G9,H9)
A10: Week 4 | B10: 7 | C10: =MIN(COUNTIF(C39:C45,1)/5,1) | D10: =MIN(COUNTIF(D39:D45,1)/5,1) | E10: =MIN(COUNTIF(E39:E45,1)/7,1) | F10: =MIN(COUNTIF(F39:F45,1)/7,1) | G10: =MIN(COUNTIF(G39:G45,1)/7,1) | H10: =MIN(COUNTIF(H39:H45,1)/5,1) | I10: =AVERAGE(C10,D10,E10,F10,G10,H10)
A11: Week 5 | B11: 3 | C11: =MIN(COUNTIF(C46:C48,1)/2,1) | D11: =MIN(COUNTIF(D46:D48,1)/2,1) | E11: =MIN(COUNTIF(E46:E48,1)/3,1) | F11: =MIN(COUNTIF(F46:F48,1)/3,1) | G11: =MIN(COUNTIF(G46:G48,1)/3,1) | H11: =MIN(COUNTIF(H46:H48,1)/2,1) | I11: =AVERAGE(C11,D11,E11,F11,G11,H11)
A13: MONTHLY CONSISTENCY
A14: Average | C14: =AVERAGE(C7:C11) | D14: =AVERAGE(D7:D11) | E14: =AVERAGE(E7:E11) | F14: =AVERAGE(F7:F11) | G14: =AVERAGE(G7:G11) | H14: =AVERAGE(H7:H11) | I14: =AVERAGE(C14,D14,E14,F14,G14,H14)
A16: DAILY LOG · Enter 1 when done
A17: Date | B17: Day | C17: Gym | D17: Speaking | E17: Wake Early | F17: Eat Clean | G17: Calories | H17: Coding | I17: Score
A18: May 01 | B18: Fri | I18: =IF(COUNTIF(C18:H18,">=1")>0,COUNTIF(C18:H18,">=1")/6,"")
A19: May 02 | B19: Sat | I19: =IF(COUNTIF(C19:H19,">=1")>0,COUNTIF(C19:H19,">=1")/6,"")
A20: May 03 | B20: Sun | I20: =IF(COUNTIF(C20:H20,">=1")>0,COUNTIF(C20:H20,">=1")/6,"")
A21: May 04 | B21: Mon | I21: =IF(COUNTIF(C21:H21,">=1")>0,COUNTIF(C21:H21,">=1")/6,"")
A22: May 05 | B22: Tue | I22: =IF(COUNTIF(C22:H22,">=1")>0,COUNTIF(C22:H22,">=1")/6,"")
A23: May 06 | B23: Wed | I23: =IF(COUNTIF(C23:H23,">=1")>0,COUNTIF(C23:H23,">=1")/6,"")
A24: May 07 | B24: Thu | I24: =IF(COUNTIF(C24:H24,">=1")>0,COUNTIF(C24:H24,">=1")/6,"")
A25: May 08 | B25: Fri | I25: =IF(COUNTIF(C25:H25,">=1")>0,COUNTIF(C25:H25,">=1")/6,"")
A26: May 09 | B26: Sat | I26: =IF(COUNTIF(C26:H26,">=1")>0,COUNTIF(C26:H26,">=1")/6,"")
A27: May 10 | B27: Sun | I27: =IF(COUNTIF(C27:H27,">=1")>0,COUNTIF(C27:H27,">=1")/6,"")
A28: May 11 | B28: Mon | I28: =IF(COUNTIF(C28:H28,">=1")>0,COUNTIF(C28:H28,">=1")/6,"")
A29: May 12 | B29: Tue | I29: =IF(COUNTIF(C29:H29,">=1")>0,COUNTIF(C29:H29,">=1")/6,"")
... A48: May 31 | B48: Sun | I48: =IF(COUNTIF(C48:H48,">=1")>0,COUNTIF(C48:H48,">=1")/6,"")

Sheet June
A1: JUNE 2026
A2: CONSISTENCY TRACKER
A3: Targets → | C3: 5/wk | D3: 5/wk | E3: 7/wk | F3: 7/wk | G3: 7/wk | H3: 5/wk
A5: WEEKLY BREAKDOWN
A6: Week | B6: Days | C6: Gym | D6: Speaking | E6: Wake Early | F6: Eat Clean | G6: Calories | H6: Coding | I6: Avg
A7: Week 1 | B7: 7 | C7: =MIN(COUNTIF(C18:C24,1)/5,1) | D7: =MIN(COUNTIF(D18:D24,1)/5,1) | E7: =MIN(COUNTIF(E18:E24,1)/7,1) | F7: =MIN(COUNTIF(F18:F24,1)/7,1) | G7: =MIN(COUNTIF(G18:G24,1)/7,1) | H7: =MIN(COUNTIF(H18:H24,1)/5,1) | I7: =AVERAGE(C7,D7,E7,F7,G7,H7)
A8: Week 2 | B8: 7 | C8: =MIN(COUNTIF(C25:C31,1)/5,1) | D8: =MIN(COUNTIF(D25:D31,1)/5,1) | E8: =MIN(COUNTIF(E25:E31,1)/7,1) | F8: =MIN(COUNTIF(F25:F31,1)/7,1) | G8: =MIN(COUNTIF(G25:G31,1)/7,1) | H8: =MIN(COUNTIF(H25:H31,1)/5,1) | I8: =AVERAGE(C8,D8,E8,F8,G8,H8)
A9: Week 3 | B9: 7 | C9: =MIN(COUNTIF(C32:C38,1)/5,1) | D9: =MIN(COUNTIF(D32:D38,1)/5,1) | E9: =MIN(COUNTIF(E32:E38,1)/7,1) | F9: =MIN(COUNTIF(F32:F38,1)/7,1) | G9: =MIN(COUNTIF(G32:G38,1)/7,1) | H9: =MIN(COUNTIF(H32:H38,1)/5,1) | I9: =AVERAGE(C9,D9,E9,F9,G9,H9)
A10: Week 4 | B10: 7 | C10: =MIN(COUNTIF(C39:C45,1)/5,1) | D10: =MIN(COUNTIF(D39:D45,1)/5,1) | E10: =MIN(COUNTIF(E39:E45,1)/7,1) | F10: =MIN(COUNTIF(F39:F45,1)/7,1) | G10: =MIN(COUNTIF(G39:G45,1)/7,1) | H10: =MIN(COUNTIF(H39:H45,1)/5,1) | I10: =AVERAGE(C10,D10,E10,F10,G10,H10)
A11: Week 5 | B11: 2 | C11: =MIN(COUNTIF(C46:C47,1)/1,1) | D11: =MIN(COUNTIF(D46:D47,1)/1,1) | E11: =MIN(COUNTIF(E46:E47,1)/2,1) | F11: =MIN(COUNTIF(F46:F47,1)/2,1) | G11: =MIN(COUNTIF(G46:G47,1)/2,1) | H11: =MIN(COUNTIF(H46:H47,1)/1,1) | I11: =AVERAGE(C11,D11,E11,F11,G11,H11)
A13: MONTHLY CONSISTENCY
A14: Average | C14: =AVERAGE(C7:C11) | D14: =AVERAGE(D7:D11) | E14: =AVERAGE(E7:E11) | F14: =AVERAGE(F7:F11) | G14: =AVERAGE(G7:G11) | H14: =AVERAGE(H7:H11) | I14: =AVERAGE(C14,D14,E14,F14,G14,H14)
A16: DAILY LOG · Enter 1 when done
A17: Date | B17: Day | C17: Gym | D17: Speaking | E17: Wake Early | F17: Eat Clean | G17: Calories | H17: Coding | I17: Score
A18: Jun 01 | B18: Mon | I18: =IF(COUNTIF(C18:H18,">=1")>0,COUNTIF(C18:H18,">=1")/6,"")
A19: Jun 02 | B19: Tue | I19: =IF(COUNTIF(C19:H19,">=1")>0,COUNTIF(C19:H19,">=1")/6,"")
A20: Jun 03 | B20: Wed | I20: =IF(COUNTIF(C20:H20,">=1")>0,COUNTIF(C20:H20,">=1")/6,"")
A21: Jun 04 | B21: Thu | I21: =IF(COUNTIF(C21:H21,">=1")>0,COUNTIF(C21:H21,">=1")/6,"")
A22: Jun 05 | B22: Fri | I22: =IF(COUNTIF(C22:H22,">=1")>0,COUNTIF(C22:H22,">=1")/6,"")
A23: Jun 06 | B23: Sat | I23: =IF(COUNTIF(C23:H23,">=1")>0,COUNTIF(C23:H23,">=1")/6,"")
A24: Jun 07 | B24: Sun | I24: =IF(COUNTIF(C24:H24,">=1")>0,COUNTIF(C24:H24,">=1")/6,"")
A25: Jun 08 | B25: Mon | I25: =IF(COUNTIF(C25:H25,">=1")>0,COUNTIF(C25:H25,">=1")/6,"")
A26: Jun 09 | B26: Tue | I26: =IF(COUNTIF(C26:H26,">=1")>0,COUNTIF(C26:H26,">=1")/6,"")
A27: Jun 10 | B27: Wed | I27: =IF(COUNTIF(C27:H27,">=1")>0,COUNTIF(C27:H27,">=1")/6,"")
A28: Jun 11 | B28: Thu | I28: =IF(COUNTIF(C28:H28,">=1")>0,COUNTIF(C28:H28,">=1")/6,"")
A29: Jun 12 | B29: Fri | I29: =IF(COUNTIF(C29:H29,">=1")>0,COUNTIF(C29:H29,">=1")/6,"")
... A47: Jun 30 | B47: Tue | I47: =IF(COUNTIF(C47:H47,">=1")>0,COUNTIF(C47:H47,">=1")/6,"")

Sheet July
A1: JULY 2026
A2: CONSISTENCY TRACKER
A3: Targets → | C3: 5/wk | D3: 5/wk | E3: 7/wk | F3: 7/wk | G3: 7/wk | H3: 5/wk
A5: WEEKLY BREAKDOWN
A6: Week | B6: Days | C6: Gym | D6: Speaking | E6: Wake Early | F6: Eat Clean | G6: Calories | H6: Coding | I6: Avg
A7: Week 1 | B7: 7 | C7: =MIN(COUNTIF(C18:C24,1)/5,1) | D7: =MIN(COUNTIF(D18:D24,1)/5,1) | E7: =MIN(COUNTIF(E18:E24,1)/7,1) | F7: =MIN(COUNTIF(F18:F24,1)/7,1) | G7: =MIN(COUNTIF(G18:G24,1)/7,1) | H7: =MIN(COUNTIF(H18:H24,1)/5,1) | I7: =AVERAGE(C7,D7,E7,F7,G7,H7)
A8: Week 2 | B8: 7 | C8: =MIN(COUNTIF(C25:C31,1)/5,1) | D8: =MIN(COUNTIF(D25:D31,1)/5,1) | E8: =MIN(COUNTIF(E25:E31,1)/7,1) | F8: =MIN(COUNTIF(F25:F31,1)/7,1) | G8: =MIN(COUNTIF(G25:G31,1)/7,1) | H8: =MIN(COUNTIF(H25:H31,1)/5,1) | I8: =AVERAGE(C8,D8,E8,F8,G8,H8)
A9: Week 3 | B9: 7 | C9: =MIN(COUNTIF(C32:C38,1)/5,1) | D9: =MIN(COUNTIF(D32:D38,1)/5,1) | E9: =MIN(COUNTIF(E32:E38,1)/7,1) | F9: =MIN(COUNTIF(F32:F38,1)/7,1) | G9: =MIN(COUNTIF(G32:G38,1)/7,1) | H9: =MIN(COUNTIF(H32:H38,1)/5,1) | I9: =AVERAGE(C9,D9,E9,F9,G9,H9)
A10: Week 4 | B10: 7 | C10: =MIN(COUNTIF(C39:C45,1)/5,1) | D10: =MIN(COUNTIF(D39:D45,1)/5,1) | E10: =MIN(COUNTIF(E39:E45,1)/7,1) | F10: =MIN(COUNTIF(F39:F45,1)/7,1) | G10: =MIN(COUNTIF(G39:G45,1)/7,1) | H10: =MIN(COUNTIF(H39:H45,1)/5,1) | I10: =AVERAGE(C10,D10,E10,F10,G10,H10)
A11: Week 5 | B11: 3 | C11: =MIN(COUNTIF(C46:C48,1)/2,1) | D11: =MIN(COUNTIF(D46:D48,1)/2,1) | E11: =MIN(COUNTIF(E46:E48,1)/3,1) | F11: =MIN(COUNTIF(F46:F48,1)/3,1) | G11: =MIN(COUNTIF(G46:G48,1)/3,1) | H11: =MIN(COUNTIF(H46:H48,1)/2,1) | I11: =AVERAGE(C11,D11,E11,F11,G11,H11)
A13: MONTHLY CONSISTENCY
A14: Average | C14: =AVERAGE(C7:C11) | D14: =AVERAGE(D7:D11) | E14: =AVERAGE(E7:E11) | F14: =AVERAGE(F7:F11) | G14: =AVERAGE(G7:G11) | H14: =AVERAGE(H7:H11) | I14: =AVERAGE(C14,D14,E14,F14,G14,H14)
A16: DAILY LOG · Enter 1 when done
A17: Date | B17: Day | C17: Gym | D17: Speaking | E17: Wake Early | F17: Eat Clean | G17: Calories | H17: Coding | I17: Score
A18: Jul 01 | B18: Wed | I18: =IF(COUNTIF(C18:H18,">=1")>0,COUNTIF(C18:H18,">=1")/6,"")
A19: Jul 02 | B19: Thu | I19: =IF(COUNTIF(C19:H19,">=1")>0,COUNTIF(C19:H19,">=1")/6,"")
A20: Jul 03 | B20: Fri | I20: =IF(COUNTIF(C20:H20,">=1")>0,COUNTIF(C20:H20,">=1")/6,"")
A21: Jul 04 | B21: Sat | I21: =IF(COUNTIF(C21:H21,">=1")>0,COUNTIF(C21:H21,">=1")/6,"")
A22: Jul 05 | B22: Sun | I22: =IF(COUNTIF(C22:H22,">=1")>0,COUNTIF(C22:H22,">=1")/6,"")
A23: Jul 06 | B23: Mon | I23: =IF(COUNTIF(C23:H23,">=1")>0,COUNTIF(C23:H23,">=1")/6,"")
A24: Jul 07 | B24: Tue | I24: =IF(COUNTIF(C24:H24,">=1")>0,COUNTIF(C24:H24,">=1")/6,"")
A25: Jul 08 | B25: Wed | I25: =IF(COUNTIF(C25:H25,">=1")>0,COUNTIF(C25:H25,">=1")/6,"")
A26: Jul 09 | B26: Thu | I26: =IF(COUNTIF(C26:H26,">=1")>0,COUNTIF(C26:H26,">=1")/6,"")
A27: Jul 10 | B27: Fri | I27: =IF(COUNTIF(C27:H27,">=1")>0,COUNTIF(C27:H27,">=1")/6,"")
A28: Jul 11 | B28: Sat | I28: =IF(COUNTIF(C28:H28,">=1")>0,COUNTIF(C28:H28,">=1")/6,"")
A29: Jul 12 | B29: Sun | I29: =IF(COUNTIF(C29:H29,">=1")>0,COUNTIF(C29:H29,">=1")/6,"")
... A48: Jul 31 | B48: Fri | I48: =IF(COUNTIF(C48:H48,">=1")>0,COUNTIF(C48:H48,">=1")/6,"")

Sheet August
A1: AUGUST 2026
A2: CONSISTENCY TRACKER
A3: Targets → | C3: 5/wk | D3: 5/wk | E3: 7/wk | F3: 7/wk | G3: 7/wk | H3: 5/wk
A5: WEEKLY BREAKDOWN
A6: Week | B6: Days | C6: Gym | D6: Speaking | E6: Wake Early | F6: Eat Clean | G6: Calories | H6: Coding | I6: Avg
A7: Week 1 | B7: 7 | C7: =MIN(COUNTIF(C18:C24,1)/5,1) | D7: =MIN(COUNTIF(D18:D24,1)/5,1) | E7: =MIN(COUNTIF(E18:E24,1)/7,1) | F7: =MIN(COUNTIF(F18:F24,1)/7,1) | G7: =MIN(COUNTIF(G18:G24,1)/7,1) | H7: =MIN(COUNTIF(H18:H24,1)/5,1) | I7: =AVERAGE(C7,D7,E7,F7,G7,H7)
A8: Week 2 | B8: 7 | C8: =MIN(COUNTIF(C25:C31,1)/5,1) | D8: =MIN(COUNTIF(D25:D31,1)/5,1) | E8: =MIN(COUNTIF(E25:E31,1)/7,1) | F8: =MIN(COUNTIF(F25:F31,1)/7,1) | G8: =MIN(COUNTIF(G25:G31,1)/7,1) | H8: =MIN(COUNTIF(H25:H31,1)/5,1) | I8: =AVERAGE(C8,D8,E8,F8,G8,H8)
A9: Week 3 | B9: 7 | C9: =MIN(COUNTIF(C32:C38,1)/5,1) | D9: =MIN(COUNTIF(D32:D38,1)/5,1) | E9: =MIN(COUNTIF(E32:E38,1)/7,1) | F9: =MIN(COUNTIF(F32:F38,1)/7,1) | G9: =MIN(COUNTIF(G32:G38,1)/7,1) | H9: =MIN(COUNTIF(H32:H38,1)/5,1) | I9: =AVERAGE(C9,D9,E9,F9,G9,H9)
A10: Week 4 | B10: 7 | C10: =MIN(COUNTIF(C39:C45,1)/5,1) | D10: =MIN(COUNTIF(D39:D45,1)/5,1) | E10: =MIN(COUNTIF(E39:E45,1)/7,1) | F10: =MIN(COUNTIF(F39:F45,1)/7,1) | G10: =MIN(COUNTIF(G39:G45,1)/7,1) | H10: =MIN(COUNTIF(H39:H45,1)/5,1) | I10: =AVERAGE(C10,D10,E10,F10,G10,H10)
A11: Week 5 | B11: 3 | C11: =MIN(COUNTIF(C46:C48,1)/2,1) | D11: =MIN(COUNTIF(D46:D48,1)/2,1) | E11: =MIN(COUNTIF(E46:E48,1)/3,1) | F11: =MIN(COUNTIF(F46:F48,1)/3,1) | G11: =MIN(COUNTIF(G46:G48,1)/3,1) | H11: =MIN(COUNTIF(H46:H48,1)/2,1) | I11: =AVERAGE(C11,D11,E11,F11,G11,H11)
A13: MONTHLY CONSISTENCY
A14: Average | C14: =AVERAGE(C7:C11) | D14: =AVERAGE(D7:D11) | E14: =AVERAGE(E7:E11) | F14: =AVERAGE(F7:F11) | G14: =AVERAGE(G7:G11) | H14: =AVERAGE(H7:H11) | I14: =AVERAGE(C14,D14,E14,F14,G14,H14)
A16: DAILY LOG · Enter 1 when done
A17: Date | B17: Day | C17: Gym | D17: Speaking | E17: Wake Early | F17: Eat Clean | G17: Calories | H17: Coding | I17: Score
A18: Aug 01 | B18: Sat | I18: =IF(COUNTIF(C18:H18,">=1")>0,COUNTIF(C18:H18,">=1")/6,"")
A19: Aug 02 | B19: Sun | I19: =IF(COUNTIF(C19:H19,">=1")>0,COUNTIF(C19:H19,">=1")/6,"")
A20: Aug 03 | B20: Mon | I20: =IF(COUNTIF(C20:H20,">=1")>0,COUNTIF(C20:H20,">=1")/6,"")
A21: Aug 04 | B21: Tue | I21: =IF(COUNTIF(C21:H21,">=1")>0,COUNTIF(C21:H21,">=1")/6,"")
A22: Aug 05 | B22: Wed | I22: =IF(COUNTIF(C22:H22,">=1")>0,COUNTIF(C22:H22,">=1")/6,"")
A23: Aug 06 | B23: Thu | I23: =IF(COUNTIF(C23:H23,">=1")>0,COUNTIF(C23:H23,">=1")/6,"")
A24: Aug 07 | B24: Fri | I24: =IF(COUNTIF(C24:H24,">=1")>0,COUNTIF(C24:H24,">=1")/6,"")
A25: Aug 08 | B25: Sat | I25: =IF(COUNTIF(C25:H25,">=1")>0,COUNTIF(C25:H25,">=1")/6,"")
A26: Aug 09 | B26: Sun | I26: =IF(COUNTIF(C26:H26,">=1")>0,COUNTIF(C26:H26,">=1")/6,"")
A27: Aug 10 | B27: Mon | I27: =IF(COUNTIF(C27:H27,">=1")>0,COUNTIF(C27:H27,">=1")/6,"")
A28: Aug 11 | B28: Tue | I28: =IF(COUNTIF(C28:H28,">=1")>0,COUNTIF(C28:H28,">=1")/6,"")
A29: Aug 12 | B29: Wed | I29: =IF(COUNTIF(C29:H29,">=1")>0,COUNTIF(C29:H29,">=1")/6,"")
... A48: Aug 31 | B48: Mon | I48: =IF(COUNTIF(C48:H48,">=1")>0,COUNTIF(C48:H48,">=1")/6,"")

Sheet September
A1: SEPTEMBER 2026
A2: CONSISTENCY TRACKER
A3: Targets → | C3: 5/wk | D3: 5/wk | E3: 7/wk | F3: 7/wk | G3: 7/wk | H3: 5/wk
A5: WEEKLY BREAKDOWN
A6: Week | B6: Days | C6: Gym | D6: Speaking | E6: Wake Early | F6: Eat Clean | G6: Calories | H6: Coding | I6: Avg
A7: Week 1 | B7: 7 | C7: =MIN(COUNTIF(C18:C24,1)/5,1) | D7: =MIN(COUNTIF(D18:D24,1)/5,1) | E7: =MIN(COUNTIF(E18:E24,1)/7,1) | F7: =MIN(COUNTIF(F18:F24,1)/7,1) | G7: =MIN(COUNTIF(G18:G24,1)/7,1) | H7: =MIN(COUNTIF(H18:H24,1)/5,1) | I7: =AVERAGE(C7,D7,E7,F7,G7,H7)
A8: Week 2 | B8: 7 | C8: =MIN(COUNTIF(C25:C31,1)/5,1) | D8: =MIN(COUNTIF(D25:D31,1)/5,1) | E8: =MIN(COUNTIF(E25:E31,1)/7,1) | F8: =MIN(COUNTIF(F25:F31,1)/7,1) | G8: =MIN(COUNTIF(G25:G31,1)/7,1) | H8: =MIN(COUNTIF(H25:H31,1)/5,1) | I8: =AVERAGE(C8,D8,E8,F8,G8,H8)
A9: Week 3 | B9: 7 | C9: =MIN(COUNTIF(C32:C38,1)/5,1) | D9: =MIN(COUNTIF(D32:D38,1)/5,1) | E9: =MIN(COUNTIF(E32:E38,1)/7,1) | F9: =MIN(COUNTIF(F32:F38,1)/7,1) | G9: =MIN(COUNTIF(G32:G38,1)/7,1) | H9: =MIN(COUNTIF(H32:H38,1)/5,1) | I9: =AVERAGE(C9,D9,E9,F9,G9,H9)
A10: Week 4 | B10: 7 | C10: =MIN(COUNTIF(C39:C45,1)/5,1) | D10: =MIN(COUNTIF(D39:D45,1)/5,1) | E10: =MIN(COUNTIF(E39:E45,1)/7,1) | F10: =MIN(COUNTIF(F39:F45,1)/7,1) | G10: =MIN(COUNTIF(G39:G45,1)/7,1) | H10: =MIN(COUNTIF(H39:H45,1)/5,1) | I10: =AVERAGE(C10,D10,E10,F10,G10,H10)
A11: Week 5 | B11: 2 | C11: =MIN(COUNTIF(C46:C47,1)/1,1) | D11: =MIN(COUNTIF(D46:D47,1)/1,1) | E11: =MIN(COUNTIF(E46:E47,1)/2,1) | F11: =MIN(COUNTIF(F46:F47,1)/2,1) | G11: =MIN(COUNTIF(G46:G47,1)/2,1) | H11: =MIN(COUNTIF(H46:H47,1)/1,1) | I11: =AVERAGE(C11,D11,E11,F11,G11,H11)
A13: MONTHLY CONSISTENCY
A14: Average | C14: =AVERAGE(C7:C11) | D14: =AVERAGE(D7:D11) | E14: =AVERAGE(E7:E11) | F14: =AVERAGE(F7:F11) | G14: =AVERAGE(G7:G11) | H14: =AVERAGE(H7:H11) | I14: =AVERAGE(C14,D14,E14,F14,G14,H14)
A16: DAILY LOG · Enter 1 when done
A17: Date | B17: Day | C17: Gym | D17: Speaking | E17: Wake Early | F17: Eat Clean | G17: Calories | H17: Coding | I17: Score
A18: Sep 01 | B18: Tue | I18: =IF(COUNTIF(C18:H18,">=1")>0,COUNTIF(C18:H18,">=1")/6,"")
A19: Sep 02 | B19: Wed | I19: =IF(COUNTIF(C19:H19,">=1")>0,COUNTIF(C19:H19,">=1")/6,"")
A20: Sep 03 | B20: Thu | I20: =IF(COUNTIF(C20:H20,">=1")>0,COUNTIF(C20:H20,">=1")/6,"")
A21: Sep 04 | B21: Fri | I21: =IF(COUNTIF(C21:H21,">=1")>0,COUNTIF(C21:H21,">=1")/6,"")
A22: Sep 05 | B22: Sat | I22: =IF(COUNTIF(C22:H22,">=1")>0,COUNTIF(C22:H22,">=1")/6,"")
A23: Sep 06 | B23: Sun | I23: =IF(COUNTIF(C23:H23,">=1")>0,COUNTIF(C23:H23,">=1")/6,"")
A24: Sep 07 | B24: Mon | I24: =IF(COUNTIF(C24:H24,">=1")>0,COUNTIF(C24:H24,">=1")/6,"")
A25: Sep 08 | B25: Tue | I25: =IF(COUNTIF(C25:H25,">=1")>0,COUNTIF(C25:H25,">=1")/6,"")
A26: Sep 09 | B26: Wed | I26: =IF(COUNTIF(C26:H26,">=1")>0,COUNTIF(C26:H26,">=1")/6,"")
A27: Sep 10 | B27: Thu | I27: =IF(COUNTIF(C27:H27,">=1")>0,COUNTIF(C27:H27,">=1")/6,"")
A28: Sep 11 | B28: Fri | I28: =IF(COUNTIF(C28:H28,">=1")>0,COUNTIF(C28:H28,">=1")/6,"")
A29: Sep 12 | B29: Sat | I29: =IF(COUNTIF(C29:H29,">=1")>0,COUNTIF(C29:H29,">=1")/6,"")
... A47: Sep 30 | B47: Wed | I47: =IF(COUNTIF(C47:H47,">=1")>0,COUNTIF(C47:H47,">=1")/6,"")

Sheet October
A1: OCTOBER 2026
A2: CONSISTENCY TRACKER
A3: Targets → | C3: 5/wk | D3: 5/wk | E3: 7/wk | F3: 7/wk | G3: 7/wk | H3: 5/wk
A5: WEEKLY BREAKDOWN
A6: Week | B6: Days | C6: Gym | D6: Speaking | E6: Wake Early | F6: Eat Clean | G6: Calories | H6: Coding | I6: Avg
A7: Week 1 | B7: 7 | C7: =MIN(COUNTIF(C18:C24,1)/5,1) | D7: =MIN(COUNTIF(D18:D24,1)/5,1) | E7: =MIN(COUNTIF(E18:E24,1)/7,1) | F7: =MIN(COUNTIF(F18:F24,1)/7,1) | G7: =MIN(COUNTIF(G18:G24,1)/7,1) | H7: =MIN(COUNTIF(H18:H24,1)/5,1) | I7: =AVERAGE(C7,D7,E7,F7,G7,H7)
A8: Week 2 | B8: 7 | C8: =MIN(COUNTIF(C25:C31,1)/5,1) | D8: =MIN(COUNTIF(D25:D31,1)/5,1) | E8: =MIN(COUNTIF(E25:E31,1)/7,1) | F8: =MIN(COUNTIF(F25:F31,1)/7,1) | G8: =MIN(COUNTIF(G25:G31,1)/7,1) | H8: =MIN(COUNTIF(H25:H31,1)/5,1) | I8: =AVERAGE(C8,D8,E8,F8,G8,H8)
A9: Week 3 | B9: 7 | C9: =MIN(COUNTIF(C32:C38,1)/5,1) | D9: =MIN(COUNTIF(D32:D38,1)/5,1) | E9: =MIN(COUNTIF(E32:E38,1)/7,1) | F9: =MIN(COUNTIF(F32:F38,1)/7,1) | G9: =MIN(COUNTIF(G32:G38,1)/7,1) | H9: =MIN(COUNTIF(H32:H38,1)/5,1) | I9: =AVERAGE(C9,D9,E9,F9,G9,H9)
A10: Week 4 | B10: 7 | C10: =MIN(COUNTIF(C39:C45,1)/5,1) | D10: =MIN(COUNTIF(D39:D45,1)/5,1) | E10: =MIN(COUNTIF(E39:E45,1)/7,1) | F10: =MIN(COUNTIF(F39:F45,1)/7,1) | G10: =MIN(COUNTIF(G39:G45,1)/7,1) | H10: =MIN(COUNTIF(H39:H45,1)/5,1) | I10: =AVERAGE(C10,D10,E10,F10,G10,H10)
A11: Week 5 | B11: 3 | C11: =MIN(COUNTIF(C46:C48,1)/2,1) | D11: =MIN(COUNTIF(D46:D48,1)/2,1) | E11: =MIN(COUNTIF(E46:E48,1)/3,1) | F11: =MIN(COUNTIF(F46:F48,1)/3,1) | G11: =MIN(COUNTIF(G46:G48,1)/3,1) | H11: =MIN(COUNTIF(H46:H48,1)/2,1) | I11: =AVERAGE(C11,D11,E11,F11,G11,H11)
A13: MONTHLY CONSISTENCY
A14: Average | C14: =AVERAGE(C7:C11) | D14: =AVERAGE(D7:D11) | E14: =AVERAGE(E7:E11) | F14: =AVERAGE(F7:F11) | G14: =AVERAGE(G7:G11) | H14: =AVERAGE(H7:H11) | I14: =AVERAGE(C14,D14,E14,F14,G14,H14)
A16: DAILY LOG · Enter 1 when done
A17: Date | B17: Day | C17: Gym | D17: Speaking | E17: Wake Early | F17: Eat Clean | G17: Calories | H17: Coding | I17: Score
A18: Oct 01 | B18: Thu | I18: =IF(COUNTIF(C18:H18,">=1")>0,COUNTIF(C18:H18,">=1")/6,"")
A19: Oct 02 | B19: Fri | I19: =IF(COUNTIF(C19:H19,">=1")>0,COUNTIF(C19:H19,">=1")/6,"")
A20: Oct 03 | B20: Sat | I20: =IF(COUNTIF(C20:H20,">=1")>0,COUNTIF(C20:H20,">=1")/6,"")
A21: Oct 04 | B21: Sun | I21: =IF(COUNTIF(C21:H21,">=1")>0,COUNTIF(C21:H21,">=1")/6,"")
A22: Oct 05 | B22: Mon | I22: =IF(COUNTIF(C22:H22,">=1")>0,COUNTIF(C22:H22,">=1")/6,"")
A23: Oct 06 | B23: Tue | I23: =IF(COUNTIF(C23:H23,">=1")>0,COUNTIF(C23:H23,">=1")/6,"")
A24: Oct 07 | B24: Wed | I24: =IF(COUNTIF(C24:H24,">=1")>0,COUNTIF(C24:H24,">=1")/6,"")
A25: Oct 08 | B25: Thu | I25: =IF(COUNTIF(C25:H25,">=1")>0,COUNTIF(C25:H25,">=1")/6,"")
A26: Oct 09 | B26: Fri | I26: =IF(COUNTIF(C26:H26,">=1")>0,COUNTIF(C26:H26,">=1")/6,"")
A27: Oct 10 | B27: Sat | I27: =IF(COUNTIF(C27:H27,">=1")>0,COUNTIF(C27:H27,">=1")/6,"")
A28: Oct 11 | B28: Sun | I28: =IF(COUNTIF(C28:H28,">=1")>0,COUNTIF(C28:H28,">=1")/6,"")
A29: Oct 12 | B29: Mon | I29: =IF(COUNTIF(C29:H29,">=1")>0,COUNTIF(C29:H29,">=1")/6,"")
... A48: Oct 31 | B48: Sat | I48: =IF(COUNTIF(C48:H48,">=1")>0,COUNTIF(C48:H48,">=1")/6,"")

Sheet November
A1: NOVEMBER 2026
A2: CONSISTENCY TRACKER
A3: Targets → | C3: 5/wk | D3: 5/wk | E3: 7/wk | F3: 7/wk | G3: 7/wk | H3: 5/wk
A5: WEEKLY BREAKDOWN
A6: Week | B6: Days | C6: Gym | D6: Speaking | E6: Wake Early | F6: Eat Clean | G6: Calories | H6: Coding | I6: Avg
A7: Week 1 | B7: 7 | C7: =MIN(COUNTIF(C18:C24,1)/5,1) | D7: =MIN(COUNTIF(D18:D24,1)/5,1) | E7: =MIN(COUNTIF(E18:E24,1)/7,1) | F7: =MIN(COUNTIF(F18:F24,1)/7,1) | G7: =MIN(COUNTIF(G18:G24,1)/7,1) | H7: =MIN(COUNTIF(H18:H24,1)/5,1) | I7: =AVERAGE(C7,D7,E7,F7,G7,H7)
A8: Week 2 | B8: 7 | C8: =MIN(COUNTIF(C25:C31,1)/5,1) | D8: =MIN(COUNTIF(D25:D31,1)/5,1) | E8: =MIN(COUNTIF(E25:E31,1)/7,1) | F8: =MIN(COUNTIF(F25:F31,1)/7,1) | G8: =MIN(COUNTIF(G25:G31,1)/7,1) | H8: =MIN(COUNTIF(H25:H31,1)/5,1) | I8: =AVERAGE(C8,D8,E8,F8,G8,H8)
A9: Week 3 | B9: 7 | C9: =MIN(COUNTIF(C32:C38,1)/5,1) | D9: =MIN(COUNTIF(D32:D38,1)/5,1) | E9: =MIN(COUNTIF(E32:E38,1)/7,1) | F9: =MIN(COUNTIF(F32:F38,1)/7,1) | G9: =MIN(COUNTIF(G32:G38,1)/7,1) | H9: =MIN(COUNTIF(H32:H38,1)/5,1) | I9: =AVERAGE(C9,D9,E9,F9,G9,H9)
A10: Week 4 | B10: 7 | C10: =MIN(COUNTIF(C39:C45,1)/5,1) | D10: =MIN(COUNTIF(D39:D45,1)/5,1) | E10: =MIN(COUNTIF(E39:E45,1)/7,1) | F10: =MIN(COUNTIF(F39:F45,1)/7,1) | G10: =MIN(COUNTIF(G39:G45,1)/7,1) | H10: =MIN(COUNTIF(H39:H45,1)/5,1) | I10: =AVERAGE(C10,D10,E10,F10,G10,H10)
A11: Week 5 | B11: 2 | C11: =MIN(COUNTIF(C46:C47,1)/1,1) | D11: =MIN(COUNTIF(D46:D47,1)/1,1) | E11: =MIN(COUNTIF(E46:E47,1)/2,1) | F11: =MIN(COUNTIF(F46:F47,1)/2,1) | G11: =MIN(COUNTIF(G46:G47,1)/2,1) | H11: =MIN(COUNTIF(H46:H47,1)/1,1) | I11: =AVERAGE(C11,D11,E11,F11,G11,H11)
A13: MONTHLY CONSISTENCY
A14: Average | C14: =AVERAGE(C7:C11) | D14: =AVERAGE(D7:D11) | E14: =AVERAGE(E7:E11) | F14: =AVERAGE(F7:F11) | G14: =AVERAGE(G7:G11) | H14: =AVERAGE(H7:H11) | I14: =AVERAGE(C14,D14,E14,F14,G14,H14)
A16: DAILY LOG · Enter 1 when done
A17: Date | B17: Day | C17: Gym | D17: Speaking | E17: Wake Early | F17: Eat Clean | G17: Calories | H17: Coding | I17: Score
A18: Nov 01 | B18: Sun | I18: =IF(COUNTIF(C18:H18,">=1")>0,COUNTIF(C18:H18,">=1")/6,"")
A19: Nov 02 | B19: Mon | I19: =IF(COUNTIF(C19:H19,">=1")>0,COUNTIF(C19:H19,">=1")/6,"")
A20: Nov 03 | B20: Tue | I20: =IF(COUNTIF(C20:H20,">=1")>0,COUNTIF(C20:H20,">=1")/6,"")
A21: Nov 04 | B21: Wed | I21: =IF(COUNTIF(C21:H21,">=1")>0,COUNTIF(C21:H21,">=1")/6,"")
A22: Nov 05 | B22: Thu | I22: =IF(COUNTIF(C22:H22,">=1")>0,COUNTIF(C22:H22,">=1")/6,"")
A23: Nov 06 | B23: Fri | I23: =IF(COUNTIF(C23:H23,">=1")>0,COUNTIF(C23:H23,">=1")/6,"")
A24: Nov 07 | B24: Sat | I24: =IF(COUNTIF(C24:H24,">=1")>0,COUNTIF(C24:H24,">=1")/6,"")
A25: Nov 08 | B25: Sun | I25: =IF(COUNTIF(C25:H25,">=1")>0,COUNTIF(C25:H25,">=1")/6,"")
A26: Nov 09 | B26: Mon | I26: =IF(COUNTIF(C26:H26,">=1")>0,COUNTIF(C26:H26,">=1")/6,"")
A27: Nov 10 | B27: Tue | I27: =IF(COUNTIF(C27:H27,">=1")>0,COUNTIF(C27:H27,">=1")/6,"")
A28: Nov 11 | B28: Wed | I28: =IF(COUNTIF(C28:H28,">=1")>0,COUNTIF(C28:H28,">=1")/6,"")
A29: Nov 12 | B29: Thu | I29: =IF(COUNTIF(C29:H29,">=1")>0,COUNTIF(C29:H29,">=1")/6,"")
... A47: Nov 30 | B47: Mon | I47: =IF(COUNTIF(C47:H47,">=1")>0,COUNTIF(C47:H47,">=1")/6,"")

Sheet December
A1: DECEMBER 2026
A2: CONSISTENCY TRACKER
A3: Targets → | C3: 5/wk | D3: 5/wk | E3: 7/wk | F3: 7/wk | G3: 7/wk | H3: 5/wk
A5: WEEKLY BREAKDOWN
A6: Week | B6: Days | C6: Gym | D6: Speaking | E6: Wake Early | F6: Eat Clean | G6: Calories | H6: Coding | I6: Avg
A7: Week 1 | B7: 7 | C7: =MIN(COUNTIF(C18:C24,1)/5,1) | D7: =MIN(COUNTIF(D18:D24,1)/5,1) | E7: =MIN(COUNTIF(E18:E24,1)/7,1) | F7: =MIN(COUNTIF(F18:F24,1)/7,1) | G7: =MIN(COUNTIF(G18:G24,1)/7,1) | H7: =MIN(COUNTIF(H18:H24,1)/5,1) | I7: =AVERAGE(C7,D7,E7,F7,G7,H7)
A8: Week 2 | B8: 7 | C8: =MIN(COUNTIF(C25:C31,1)/5,1) | D8: =MIN(COUNTIF(D25:D31,1)/5,1) | E8: =MIN(COUNTIF(E25:E31,1)/7,1) | F8: =MIN(COUNTIF(F25:F31,1)/7,1) | G8: =MIN(COUNTIF(G25:G31,1)/7,1) | H8: =MIN(COUNTIF(H25:H31,1)/5,1) | I8: =AVERAGE(C8,D8,E8,F8,G8,H8)
A9: Week 3 | B9: 7 | C9: =MIN(COUNTIF(C32:C38,1)/5,1) | D9: =MIN(COUNTIF(D32:D38,1)/5,1) | E9: =MIN(COUNTIF(E32:E38,1)/7,1) | F9: =MIN(COUNTIF(F32:F38,1)/7,1) | G9: =MIN(COUNTIF(G32:G38,1)/7,1) | H9: =MIN(COUNTIF(H32:H38,1)/5,1) | I9: =AVERAGE(C9,D9,E9,F9,G9,H9)
A10: Week 4 | B10: 7 | C10: =MIN(COUNTIF(C39:C45,1)/5,1) | D10: =MIN(COUNTIF(D39:D45,1)/5,1) | E10: =MIN(COUNTIF(E39:E45,1)/7,1) | F10: =MIN(COUNTIF(F39:F45,1)/7,1) | G10: =MIN(COUNTIF(G39:G45,1)/7,1) | H10: =MIN(COUNTIF(H39:H45,1)/5,1) | I10: =AVERAGE(C10,D10,E10,F10,G10,H10)
A11: Week 5 | B11: 3 | C11: =MIN(COUNTIF(C46:C48,1)/2,1) | D11: =MIN(COUNTIF(D46:D48,1)/2,1) | E11: =MIN(COUNTIF(E46:E48,1)/3,1) | F11: =MIN(COUNTIF(F46:F48,1)/3,1) | G11: =MIN(COUNTIF(G46:G48,1)/3,1) | H11: =MIN(COUNTIF(H46:H48,1)/2,1) | I11: =AVERAGE(C11,D11,E11,F11,G11,H11)
A13: MONTHLY CONSISTENCY
A14: Average | C14: =AVERAGE(C7:C11) | D14: =AVERAGE(D7:D11) | E14: =AVERAGE(E7:E11) | F14: =AVERAGE(F7:F11) | G14: =AVERAGE(G7:G11) | H14: =AVERAGE(H7:H11) | I14: =AVERAGE(C14,D14,E14,F14,G14,H14)
A16: DAILY LOG · Enter 1 when done
A17: Date | B17: Day | C17: Gym | D17: Speaking | E17: Wake Early | F17: Eat Clean | G17: Calories | H17: Coding | I17: Score
A18: Dec 01 | B18: Tue | I18: =IF(COUNTIF(C18:H18,">=1")>0,COUNTIF(C18:H18,">=1")/6,"")
A19: Dec 02 | B19: Wed | I19: =IF(COUNTIF(C19:H19,">=1")>0,COUNTIF(C19:H19,">=1")/6,"")
A20: Dec 03 | B20: Thu | I20: =IF(COUNTIF(C20:H20,">=1")>0,COUNTIF(C20:H20,">=1")/6,"")
A21: Dec 04 | B21: Fri | I21: =IF(COUNTIF(C21:H21,">=1")>0,COUNTIF(C21:H21,">=1")/6,"")
A22: Dec 05 | B22: Sat | I22: =IF(COUNTIF(C22:H22,">=1")>0,COUNTIF(C22:H22,">=1")/6,"")
A23: Dec 06 | B23: Sun | I23: =IF(COUNTIF(C23:H23,">=1")>0,COUNTIF(C23:H23,">=1")/6,"")
A24: Dec 07 | B24: Mon | I24: =IF(COUNTIF(C24:H24,">=1")>0,COUNTIF(C24:H24,">=1")/6,"")
A25: Dec 08 | B25: Tue | I25: =IF(COUNTIF(C25:H25,">=1")>0,COUNTIF(C25:H25,">=1")/6,"")
A26: Dec 09 | B26: Wed | I26: =IF(COUNTIF(C26:H26,">=1")>0,COUNTIF(C26:H26,">=1")/6,"")
A27: Dec 10 | B27: Thu | I27: =IF(COUNTIF(C27:H27,">=1")>0,COUNTIF(C27:H27,">=1")/6,"")
A28: Dec 11 | B28: Fri | I28: =IF(COUNTIF(C28:H28,">=1")>0,COUNTIF(C28:H28,">=1")/6,"")
A29: Dec 12 | B29: Sat | I29: =IF(COUNTIF(C29:H29,">=1")>0,COUNTIF(C29:H29,">=1")/6,"")
... A48: Dec 31 | B48: Thu | I48: =IF(COUNTIF(C48:H48,">=1")>0,COUNTIF(C48:H48,">=1")/6,"")
